First Name,Last Name,Email,Phone Number,Address,Date of Birth
Melissa,Alexander,xsmith@wagner-scott.com,743.692.8642x733,"2538 Amy Landing Suite 061, New Tina, WV 40393",1945-08-08
Cameron,Campos,devin75@johnson.com,(799)355-1099,"83769 Jason Spur, Melendezland, CO 25752",1956-11-17
Terry,Miller,lmoses@woodward.com,+1-247-807-9497x45512,"17462 Amy Ferry, Haydenland, VT 75452",1960-10-28
Pamela,Mercer,jodi55@green.com,001-004-963-7819x4918,"076 Gabrielle Circle, Dawntown, AK 36820",2003-06-20
Debbie,Johnson,daviskathryn@bradford-ross.com,1335927637,"9618 Charles Circles, New Lori, CT 88734",1955-05-06
Henry,Bell,meyerkevin@brown-maddox.com,(953)617-7180,"47394 Harris Forge Suite 063, Williamville, IN 97789",1985-02-08
Kara,Huerta,millsrobert@hotmail.com,213.308.0775,"67604 Wall Mews Suite 215, Laurenchester, WV 73393",1983-07-14
Susan,Gordon,msmith@yahoo.com,(149)382-0484x6855,"604 Nixon Lakes, Geraldfort, NV 89686",1974-03-07
Zachary,Guzman,susan02@tran.info,255-676-6964,"250 Howard Forge, Davisbury, NH 66997",1998-05-21
Emily,Johnson,wchavez@gmail.com,(928)630-5553x007,"Unit 8336 Box 6866, DPO AP 02282",1947-09-29
